,Date Time,x_vel [m/s],z_vel [m/s],Current Speed [m/s],Current Direction [deg],Temperature [deg]
0,2021-08-30 13:00:04,0.025881126808310867,0.06319612228291463,0.06829042829317272,157.72910313213362,21.62
1,2021-08-30 14:00:04,-0.01829583636714408,0.041545688779900856,0.045395835542147385,203.76767044433836,21.56
2,2021-08-30 15:00:04,-0.05224054852217615,0.11348358142520625,0.12493037326042557,204.7183051680937,21.62
3,2021-08-30 16:00:04,-0.062421729103952966,0.11899695944510803,0.13437540184687066,207.6799645488657,21.56
4,2021-08-30 17:00:04,-0.038064089526046556,0.13512657639395353,0.14038542146319127,195.7321089631744,21.5
5,2021-08-30 18:00:04,-0.03204697632802067,0.131950824836397,0.13578670357135209,193.65114736237874,21.5
6,2021-08-30 19:00:04,-0.05439295427472563,0.14807586767937583,0.15774997959978446,200.16988208204745,21.5
7,2021-08-30 20:00:04,-0.05589665943696793,0.1609507599881451,0.1703807021847658,199.1516251834188,21.5
8,2021-08-30 21:00:04,-0.04885426296857041,0.16500050324740134,0.17208110030476306,196.49325981811504,21.62
9,2021-08-30 22:00:04,-0.04435495726554271,0.15274997809314575,0.1590594795712743,196.1920392447568,21.62
10,2021-08-30 23:00:04,-0.03422097241749388,0.1140407806620044,0.11906458166557457,196.7032718653469,21.62
11,2021-08-31 00:00:04,-0.027169520029041695,0.08456387577961008,0.08882134825298377,197.81168785916697,21.5
12,2021-08-31 01:00:04,-0.02329403832219482,0.07822931647933423,0.08162375988754571,196.58174724643985,21.56
13,2021-08-31 02:00:04,-0.012364189314275915,0.05712898382722205,0.05845163787722507,192.211943337506,21.56
14,2021-08-31 03:00:04,-0.006298501908573876,0.02199840170372861,0.0228823251399616,195.97728270009858,21.5
15,2021-08-31 04:00:04,-0.016963165949347325,0.027483528981317167,0.03229695596015199,211.68338565505223,21.56
16,2021-08-31 05:00:04,-0.014927077676017681,0.03565738924569075,0.03865575061701128,202.71540865194044,21.56
17,2021-08-31 06:00:04,-0.03944219499290083,0.06137450559587047,0.07295558020463923,212.72674104748674,21.56
18,2021-08-31 07:00:04,-0.04596852859075594,0.105136237990405,0.11474639061676069,203.61630555242908,21.56
19,2021-08-31 08:00:04,-0.06885753415724016,0.12283707601341871,0.14082012375275738,209.27324013852402,21.56
20,2021-08-31 09:00:04,-0.04556604270736171,0.09002040821953235,0.10089567951116815,206.84737369248774,21.56
21,2021-08-31 10:00:04,-0.02759807065455273,0.0786856367905675,0.08338514820392655,199.32772530051955,21.62
22,2021-08-31 11:00:04,-0.017700360005520135,0.04778102324755852,0.05095418458683001,200.32702222116842,21.69
23,2021-08-31 12:00:04,-0.007209628295705128,0.01202248557478063,0.014018519877577674,210.95021769831186,21.69
24,2021-08-31 13:00:04,0.022602513576377426,0.21714674668317008,0.21831991025798625,174.05755853896028,21.69
25,2021-08-31 14:00:04,0.03617341556202592,0.16160291113193231,0.16560198332066628,167.38281848481992,21.69
26,2021-08-31 15:00:04,-0.008820352506826896,0.1795611939818307,0.17977769884645126,182.81220609731838,21.69
27,2021-08-31 16:00:04,0.021556955419774718,0.15268129738645134,0.15419559299338015,171.96357229307,21.69
28,2021-08-31 17:00:04,0.012825618519412328,0.1492694229166093,0.1498194149910587,175.08905866668752,21.62
29,2021-08-31 18:00:04,-0.007549203529776965,0.24767707416534573,0.24779209741442557,181.74583630705723,21.62
30,2021-08-31 19:00:04,-0.014645775212226413,0.008195486615570981,0.016782870208431833,240.7694851500238,21.62
31,2021-08-31 20:00:04,-0.004381378558630991,0.05857965083223425,0.05874327169728048,184.27738915428185,21.62
32,2021-08-31 21:00:04,-0.012045195542591395,0.2194823538446796,0.21981262562660137,183.1412423281793,21.62
33,2021-08-31 22:00:04,-0.019483689702700393,0.047197742313414136,0.051061150044966246,202.43131404142417,21.62
34,2021-08-31 23:00:04,0.03537443102425783,0.15683309839685564,0.16077304227714226,167.2893735438004,21.62
35,2021-09-01 00:00:04,0.03361072202150632,0.16984407201965154,0.17313777587523627,168.80626843051397,21.62
36,2021-09-01 01:00:04,0.01085830875533887,0.17385820181791586,0.17419694948071116,176.42623562983306,21.62
37,2021-09-01 02:00:04,0.055190096526440774,0.15714774629967665,0.16655738026777855,160.64878740911442,21.62
38,2021-09-01 03:00:04,0.10447395911519909,0.09063207332267303,0.1383075588967236,130.9419243176047,21.56
39,2021-09-01 04:00:04,0.053952296073580056,0.0878480254220905,0.10309280199010744,148.44362979274788,21.56
40,2021-09-01 05:00:04,0.09949289020291774,0.01982424712098925,0.10144868641260908,101.26876738320505,21.56
41,2021-09-01 06:00:04,0.05680555746054001,0.04346583977830843,0.07152727162443911,127.42208887487952,21.56
42,2021-09-01 07:00:04,0.0888676830817573,0.06541245691271762,0.110346067513427,126.35551138608525,21.56
43,2021-09-01 08:00:04,0.008357841395304938,0.10937989222647038,0.10969874354915532,175.6304555183142,21.56
44,2021-09-01 09:00:04,0.08094167346053813,0.06104004121724728,0.10137771517644116,127.02081490116124,21.56
45,2021-09-01 10:00:04,0.04002239006683663,0.11324675959323321,0.12011086655681734,160.53614874106623,21.56
46,2021-09-01 11:00:04,0.0517822168476649,0.12877789359628702,0.13879893321187745,158.09470087519324,21.56
47,2021-09-01 12:00:04,0.0793408804903267,0.10397643793323294,0.1307901944423348,142.65397984749646,21.56
48,2021-09-01 13:00:04,0.08744310911225311,0.08046678871191978,0.11883266140597099,132.6208433304561,21.56
49,2021-09-01 14:00:04,0.0479815752410008,0.057341697614424474,0.07476832115215584,140.07855735932588,21.62
50,2021-09-01 15:00:04,0.07467648949298601,0.01992503556398961,0.07728897156271586,104.93951484040309,21.56
51,2021-09-01 16:00:04,0.06822449816292199,0.004198589772798851,0.06835356834623045,93.52158650087473,21.62
52,2021-09-01 17:00:04,0.0621863212199214,0.01916644759422675,0.06507296873702234,107.12982257109455,21.62
53,2021-09-01 18:00:04,0.037994343678750854,0.12623320035439253,0.13182712552161352,163.2489750935449,21.62
54,2021-09-01 19:00:04,0.044430921996381795,0.11021366734901425,0.11883248419505389,158.04394029325474,21.62
55,2021-09-01 20:00:04,-0.013548434025137807,0.07937984294696164,0.08052775627581962,189.68582537840481,21.62
56,2021-09-01 21:00:04,-0.010161893634379911,0.1124339719078808,0.11289225890741393,185.16441751577997,21.62
57,2021-09-01 22:00:04,-0.01860884434245157,0.20358663477068575,0.20443533683053472,185.22261047623877,21.62
58,2021-09-01 23:00:04,-0.017809750317050746,0.012082461876392067,0.02152145653412326,235.84631036321406,21.56
59,2021-09-02 00:00:04,-0.016007586949850345,0.03959344435401242,0.04270695114113506,202.01343060049413,21.56
60,2021-09-02 01:00:04,0.029002286623070327,0.082460040039549,0.08741161726390119,160.62255237121505,21.56
61,2021-09-02 02:00:04,-0.017027354131907115,0.008928787923619019,0.01922638922206505,242.3284244462478,21.62
62,2021-09-02 03:00:04,0.010860583634936034,0.13165573839122477,0.13210293610752963,175.28421740755903,21.56
63,2021-09-02 04:00:04,0.01006914000042371,0.09292097908311818,0.093464944947897,173.81542394530499,21.56
64,2021-09-02 05:00:04,-0.010885256776195153,0.007239597106575132,0.013072894910815796,236.37280436706294,21.56
65,2021-09-02 06:00:04,-0.01153131412025925,0.024083867581359896,0.026702132555595042,205.585018860567,21.56
66,2021-09-02 07:00:04,-0.007316687939076413,0.0843468883480838,0.08466363739175126,184.95772369273962,21.5
67,2021-09-02 08:00:04,-0.024195939765939697,0.2099072997205303,0.21129722661956904,186.57544375903666,21.56
68,2021-09-02 09:00:04,-0.0387235152227331,0.09978686584677444,0.10703704604821361,201.2093528131061,21.56
69,2021-09-02 10:00:04,-0.045958730509030724,0.10504763681195975,0.11466128775562881,203.62955599975348,21.56
70,2021-09-02 11:00:04,-0.04835170516087171,0.11347103536124756,0.12334327406841997,203.07957911035703,21.62
71,2021-09-02 12:00:04,-0.03376302982055596,0.14103560228805487,0.14502063058550718,193.46288042952804,21.62
72,2021-09-02 13:00:04,-0.05425314749443138,0.13830642037531954,0.14856671878347158,201.4184755046721,21.62
73,2021-09-02 14:00:04,-0.06364415950876189,0.17395021445628095,0.18522757934217804,200.09634586570655,21.62
74,2021-09-02 15:00:04,-0.05342373814721993,0.12710747314778076,0.13787822717034234,202.79719443989907,21.69
75,2021-09-02 16:00:04,-0.09001658229265477,0.17398105052190707,0.19588872103405205,207.35673017414518,21.69
76,2021-09-02 17:00:04,-0.06505263949833154,0.16591805393795875,0.17821516918674254,201.40899948061818,21.69
77,2021-09-02 18:00:04,-0.09435965890348996,0.16271468313253015,0.18809522411614463,210.10981828486482,21.62
78,2021-09-02 19:00:04,-0.04250476770189227,0.1407517504332897,0.14702962465920563,196.8034727138493,21.62
79,2021-09-02 20:00:04,-0.08099805814182226,0.20301405384170715,0.21857582547022347,201.7508919302828,21.56
80,2021-09-02 21:00:04,-0.07181510819344071,0.16110480764174057,0.17638641900701377,204.02570622976722,21.56
81,2021-09-02 22:00:04,-0.0837856762021177,0.16798790380638706,0.18772313486065073,206.50819357965787,21.56
82,2021-09-02 23:00:04,-0.0649195344342634,0.12911197075113526,0.14451452156237973,206.6939709486821,21.56
83,2021-09-03 00:00:04,-0.06789961171437717,0.13873909996233935,0.15446324847459078,206.07735786271894,21.5
84,2021-09-03 01:00:04,-0.06747818579478417,0.14793717771889053,0.1625998588855046,204.51902382409997,21.56
85,2021-09-03 02:00:04,-0.05070566760733407,0.1407179646231341,0.14957476490097876,199.81588803131032,21.56
86,2021-09-03 03:00:04,-0.036707534865123265,0.1276065687781902,0.13278132214742114,196.04850546835004,21.62
87,2021-09-03 04:00:04,-0.05663239519981218,0.12348035236382586,0.13584780309582598,204.63784060612036,21.62
88,2021-09-03 05:00:04,-0.043571766047943994,0.11630397177886401,0.12419787698699025,200.53780668636415,21.56
89,2021-09-03 06:00:04,-0.06967926363953936,0.1136969522211298,0.1333499033585038,211.50208149190007,21.56
90,2021-09-03 07:00:04,-0.03388139766221047,0.11538538720660615,0.12025696108069285,196.36418086037654,21.62
91,2021-09-03 08:00:04,-0.07166888996535269,0.14171521662714384,0.15880690291213456,206.82685224571583,21.56
92,2021-09-03 09:00:04,-0.07795996199552527,0.13540072247032783,0.15624055593804856,209.93213799944118,21.56
93,2021-09-03 10:00:04,-0.07968032263660368,0.17289856230813516,0.19037559366603,204.74261872369547,21.62
94,2021-09-03 11:00:04,-0.10261908761410192,0.16318078036972272,0.19276577555370772,212.16445249848616,21.62
95,2021-09-03 12:00:04,-0.10019086217739788,0.19515133372331023,0.21936784613483612,207.1760030696945,21.69
96,2021-09-03 13:00:04,-0.06431673882323559,0.17998260574618677,0.19112922660870996,199.66433639918267,21.69
97,2021-09-03 14:00:04,-0.09731513695271245,0.23211353514955954,0.25168815840192205,202.7461904525791,21.62
98,2021-09-03 15:00:04,-0.05787695969517439,0.20906135944463433,0.21692485905583858,195.47432225591115,21.62
99,2021-09-03 16:00:04,-0.08303050564874077,0.20693360786426115,0.22296991485849693,201.86274135327832,21.62
100,2021-09-03 17:00:04,-0.087272949300629,0.20363298361304522,0.2215467438144395,203.19898762856909,21.56
101,2021-09-03 18:00:04,-0.09172344073491814,0.1924138347347321,0.21315786022940097,205.48708085045288,21.56
102,2021-09-03 19:00:04,-0.08255652675577416,0.2009405291330961,0.2172387542734157,202.33533648597074,21.56
103,2021-09-03 20:00:04,-0.08573357673310436,0.15560545663008304,0.17766064367920023,208.8533435053135,21.56
104,2021-09-03 21:00:04,-0.047453494473505005,0.11107775954930048,0.12078949790540229,203.13264267027427,21.56
105,2021-09-03 22:00:04,-0.05058858718120053,0.10846338695812345,0.1196808734235239,205.00489386967914,21.56
106,2021-09-03 23:00:04,-0.07331353666657615,0.1524321715117918,0.16914621358564821,205.6856197693746,21.5
107,2021-09-04 00:00:04,-0.05724855395409501,0.16808173569351206,0.17756369787650453,198.80881678193703,21.44
108,2021-09-04 01:00:04,-0.06334590987351227,0.1330432812461319,0.14735405994556272,205.46052479535896,21.5
109,2021-09-04 02:00:04,-0.07676842141526821,0.13734580158897733,0.15734439850439844,209.20268516596855,21.5
110,2021-09-04 03:00:04,-0.08046697992191751,0.12278790287425802,0.14680532670857857,213.23815312178007,21.5
111,2021-09-04 04:00:04,-0.06771655184438032,0.14216465776700712,0.15746847720005075,205.46961822709068,21.44
112,2021-09-04 05:00:04,-0.05484362291388256,0.09725974114682046,0.11165697569908771,209.4181393983439,21.44
113,2021-09-04 06:00:04,-0.03778259660538673,0.09296344431302185,0.10034802730888982,202.1180165044712,21.44
114,2021-09-04 07:00:04,-0.046752366348157146,0.05654087591608151,0.07336657555392662,219.58657285033118,21.44
115,2021-09-04 08:00:04,-0.013943061392101785,0.01609596189408122,0.021295280000028977,220.9006138086335,21.5
116,2021-09-04 09:00:04,0.0006992665984869772,-0.04613484471100795,0.046140143804333525,0.8683665764300721,21.5
117,2021-09-04 10:00:04,-0.025770856777274444,-0.018979763200614775,0.03200575682883007,306.3709643906735,21.5
118,2021-09-04 11:00:04,-0.010762021242236339,0.0005195498914548865,0.010774554900693439,267.23612117919384,21.56
119,2021-09-04 12:00:04,-0.014324115984939828,0.011816457483730907,0.018569032452306955,230.47960176190372,21.56
120,2021-09-04 13:00:04,0.002286241493506769,0.0953819940749322,0.09540938996701023,178.62692207015237,21.62
121,2021-09-04 14:00:04,-0.0027237171684994436,0.0570150720281901,0.05708009349671463,182.73504775872314,21.69
122,2021-09-04 15:00:04,-0.01970334965354528,0.03144929559266058,0.03711172565166437,212.0676225354704,21.75
123,2021-09-04 16:00:04,-0.038217851270595175,0.05060116609361208,0.06341200332566894,217.06287899045225,21.81
124,2021-09-04 17:00:04,-0.03905627935320917,0.0018530151436379786,0.03910021255745887,267.2836534021723,21.75
125,2021-09-04 18:00:04,-0.04908974755643456,-0.023863449819660574,0.05458266714305862,295.92525845262895,21.69
126,2021-09-04 19:00:04,-0.012394984424261282,-0.012552873692679153,0.017641152933468837,315.36260699783935,21.56
127,2021-09-04 20:00:04,0.004557964196502411,-0.03427348432252382,0.034575233408075265,7.575205346274322,21.37
128,2021-09-04 21:00:04,-0.0078102328074060555,-0.008030458363014501,0.011202142564080829,315.7965045148584,21.44
129,2021-09-04 22:00:04,-0.017450094225052885,0.007328864303163454,0.018926648948966313,247.218083464903,21.44
130,2021-09-04 23:00:04,-0.025794617874002203,0.04870901072215992,0.055117420447597903,207.9041564027955,21.62
131,2021-09-05 00:00:04,-0.0607070761934469,0.08402961056039498,0.10366448066183813,215.846177010916,21.69
132,2021-09-05 01:00:04,-0.03496017728565777,0.027072903704967993,0.04421714724926396,232.24606335865235,21.44
133,2021-09-05 02:00:04,-0.05063218577629355,0.0518920522435307,0.07250105738905069,224.29595772108175,21.44
134,2021-09-05 03:00:04,-0.03813517371631681,0.046297407578199244,0.05998117557063684,219.47828277938805,21.56
135,2021-09-05 04:00:04,-0.03429243574596063,0.04746647949638067,0.058557986860642376,215.84644915792438,21.5
136,2021-09-05 05:00:04,0.003689917831955018,0.04163253508467427,0.04179573508365673,174.93507359342604,21.56
137,2021-09-05 06:00:04,-0.0009361914904754383,0.02106131678430675,0.021082113726943033,182.54516539290725,21.62
138,2021-09-05 07:00:04,0.0180762777215293,0.003639434203592628,0.018439015635009815,101.38360415261913,21.62
139,2021-09-05 08:00:04,-0.007401710066356727,-0.005673460331444772,0.009325956467777657,307.470406509688,21.69
140,2021-09-05 09:00:04,-0.027218839285053822,0.0491643055233328,0.05619603321958945,208.97023361056662,21.75
141,2021-09-05 10:00:04,-0.05323135274836108,0.06237917702370834,0.08200450378836269,220.47582768717962,21.87
142,2021-09-05 11:00:04,-0.05286469453014017,0.07946504373773208,0.09544301495659441,213.63412382751912,21.81
143,2021-09-05 12:00:04,-0.03879302230140796,0.052466656735532184,0.06525066013675034,216.47863977833737,21.87
144,2021-09-05 13:00:04,-0.022672299833757032,0.1101511795585493,0.1124602842691212,191.63069773049165,21.94
145,2021-09-05 14:00:04,-0.055660211803899615,0.11904990265148321,0.13141894269618287,205.0578196276029,22.06
146,2021-09-05 15:00:04,-0.06378649903674742,0.1308582543326861,0.14557678450344663,205.98679253503337,22.0
147,2021-09-05 16:00:04,-0.05864324789236123,0.10806399558454553,0.12295063100717137,208.48742138213706,21.94
148,2021-09-05 17:00:04,-0.026461065285819468,0.099198584530594,0.10266716684964967,194.9357900132792,21.94
149,2021-09-05 18:00:04,-0.031232451107172512,0.09782924193683812,0.10269384879387045,197.70593036286957,21.87
150,2021-09-05 19:00:04,-0.05274539895769806,0.06107918840149911,0.08070157598828265,220.81249978012667,21.87
151,2021-09-05 20:00:04,-0.022643458547012038,0.03267733682511605,0.03975593737987243,214.71966613170838,21.87
152,2021-09-05 21:00:04,-0.023900542278877748,0.0014826688148860368,0.02394648675774921,266.45020842653224,21.87
153,2021-09-05 22:00:04,-0.019658238452331413,0.014441181478550478,0.02439250010854055,233.69854286118897,21.87
154,2021-09-05 23:00:04,-0.03785823783580861,-0.0003819397807867516,0.03786016442157638,270.57801937746797,21.81
155,2021-09-06 00:00:04,-0.030687289105649326,0.013151698954694731,0.03338677729354276,246.80140377045117,21.81
156,2021-09-06 01:00:04,-0.020003524823223106,0.03943944044507623,0.04422228474393898,206.89393935717027,21.81
157,2021-09-06 02:00:04,-0.024221084391709752,0.05926146636227434,0.06402017123155247,202.230599277617,21.81
158,2021-09-06 03:00:04,-0.0010638490848577594,0.08334777137360891,0.0833545605700296,180.73128233336172,21.81
159,2021-09-06 04:00:04,0.0028108481782514166,0.057236654266009525,0.05730563200112085,177.18850694944214,21.87
160,2021-09-06 05:00:04,0.03505675367366919,0.07544013349669147,0.08318767769408489,155.0758794399874,21.81
161,2021-09-06 06:00:04,-0.04918133997508361,0.08864399219911659,0.10137337695244152,209.02233029411886,21.81
162,2021-09-06 07:00:04,-0.03361424072164089,0.06721867549718014,0.07515495668874825,206.56839443208307,21.87
163,2021-09-06 08:00:04,0.002769094815219845,0.039488084404092544,0.039585056473376595,175.98871032814372,21.87
164,2021-09-06 09:00:04,0.015954704534958786,0.014653096007281268,0.021662544157980076,132.56494202198644,21.87
165,2021-09-06 10:00:04,0.04185821316467182,0.016957592202953817,0.04516270521858479,112.05384550626236,21.81
166,2021-09-06 11:00:04,0.050561574586566474,-0.020222142930054896,0.05445555884715989,68.20101997804686,21.94
167,2021-09-06 12:00:04,0.03672527786790429,0.0870215198424933,0.09445364445150985,157.1190276289031,21.94
168,2021-09-06 13:00:04,0.004030968542566587,-0.021236760164785918,0.021615936012298876,10.747509551039801,21.94
169,2021-09-06 14:00:04,-0.009921171043147404,-0.025344450151974982,0.027217104702251693,338.6219723272073,21.94
170,2021-09-06 15:00:04,-0.01216344111631991,-0.03276504631162708,0.03494992932172036,339.6334512716611,21.87
171,2021-09-06 16:00:04,0.009716783864618111,0.09816585522845254,0.09864558287832866,174.34708644826998,21.87
172,2021-09-06 17:00:04,-0.0053923257929098046,0.0036672272237801423,0.006521175735073742,235.78105976001515,21.94
173,2021-09-06 18:00:04,-0.009426005530784149,0.023802159448626316,0.025600632310241955,201.6042948357358,22.0
174,2021-09-06 19:00:04,0.0050576029873100154,0.05008528684974943,0.05033999708779223,174.23382885645114,22.06
175,2021-09-06 20:00:04,-0.013826160229038074,0.024357112461995428,0.02800770669236107,209.58113568548023,22.19
176,2021-09-06 21:00:04,-0.012849633983165241,-0.02168225628856214,0.025203835645873574,329.3475924191383,22.25
177,2021-09-06 22:00:04,0.0065036966435586515,-0.021724750488176365,0.022677364348727903,16.666021144992786,22.19
178,2021-09-06 23:00:04,0.0073542475516385096,-0.0654420656070207,0.06585399690196779,6.411883138522654,22.19
179,2021-09-07 00:00:04,0.028634123541558126,-0.004519958621727921,0.02898867118264212,81.02975281124866,22.25
180,2021-09-07 01:00:04,0.07673542038636083,-0.012554937135875889,0.07775571482764027,80.70797709876474,22.25
181,2021-09-07 02:00:04,-0.018053451077012072,0.07154263769718591,0.0737853380046529,194.16264687965017,22.06
182,2021-09-07 03:00:04,-0.0020268571812943176,0.00882561180494776,0.009055361603215942,192.93405889265082,22.0
183,2021-09-07 04:00:04,-0.012407986301231674,0.020143650309829876,0.023658503161786505,211.63203359969484,22.12
184,2021-09-07 05:00:04,-0.0002996354447621371,0.01483364352088838,0.01483666948828313,181.1572013263929,22.06
185,2021-09-07 06:00:04,-0.011554895878699407,-0.0017953748915543472,0.011693544790558948,278.83187312943636,22.12
186,2021-09-07 07:00:04,-0.004140557300954675,-0.0033742652676212416,0.005341336991687017,309.17763158727803,22.06
187,2021-09-07 08:00:04,-0.014378780334504343,0.050646500432070994,0.05264805153017248,195.8494944147993,22.12
188,2021-09-07 09:00:04,-0.01648604516175891,0.049212948723170724,0.05190090564821567,198.5205431291638,22.12
189,2021-09-07 10:00:04,-0.0029532451010966638,-0.028565807162596872,0.02871806044073698,354.0975072296787,22.25
190,2021-09-07 11:00:04,-0.0006722737815485065,-0.051117586761604945,0.051122007280305096,359.246517054445,22.25
191,2021-09-07 12:00:04,-0.011883486843850011,-0.0452300885180631,0.046765138371652235,345.27914824597246,22.25
192,2021-09-07 13:00:04,-0.010545664816270305,-0.05519384638666769,0.05619227460578715,349.18309786155174,22.31
193,2021-09-07 14:00:04,-0.02601519287875319,-0.029954531504134897,0.03967447817112332,319.02603155324,22.12
194,2021-09-07 15:00:04,-0.01552645995191595,-0.0025451683625321475,0.01573368490316507,279.30939056122503,22.12
195,2021-09-07 16:00:04,-0.029528934850343046,0.02163165962262139,0.036604462725530515,233.7750582115459,22.19
196,2021-09-07 17:00:04,-0.015641894696186077,0.0026827195580583292,0.01587028209937564,260.2679667667857,22.25
197,2021-09-07 18:00:04,-0.03131901392831852,0.01201010817636232,0.033542858134782354,249.0193512901159,22.31
198,2021-09-07 19:00:04,-0.03650824766650737,-0.011759749291268991,0.03835549310167374,287.8543792068023,22.37
199,2021-09-07 20:00:04,-0.021352264300473642,0.009553556646794857,0.023392084887003967,245.89502017094497,22.31
200,2021-09-07 21:00:04,-0.02085261701669977,-0.04530994540914799,0.049878079247552505,335.28708982597004,22.37
201,2021-09-07 22:00:04,-0.009757731387986218,-0.04734931556909166,0.048344296527113896,348.3555206416738,22.25
202,2021-09-07 23:00:04,-0.002646868407309661,-0.07567155622488064,0.07571783365800216,357.99670321938424,22.25
203,2021-09-08 00:00:04,0.024272183338724284,-0.04097384122677929,0.04762346636802032,30.641754951316678,22.25
204,2021-09-08 01:00:04,0.0004207700491634155,-0.05397453727495887,0.05397617735149644,0.44665245535040227,22.19
205,2021-09-08 02:00:04,-0.021594002204463603,-0.01653734900564477,0.027198986071927,307.4459997258063,22.12
206,2021-09-08 03:00:04,-0.01283165795406913,-0.016433557257536955,0.020849778175965592,322.0165531650571,22.19
207,2021-09-08 04:00:04,-0.01704006874774858,0.007453789017618487,0.018599003028312237,246.3741249104594,22.19
208,2021-09-08 05:00:04,-0.012732065004552713,-0.00021785824010170366,0.012733928753253495,270.9802918599354,22.19
209,2021-09-08 06:00:04,-0.02766259802639271,-0.009085515030091156,0.029116419988243717,288.1822700727239,22.25
210,2021-09-08 07:00:04,-0.013924458030943807,-0.009711946395188334,0.016976820498506993,304.89476834095854,22.25
211,2021-09-08 08:00:04,-0.03153549647736643,-0.01994314137674608,0.03731241651309751,302.309381723653,22.25
212,2021-09-08 09:00:04,-0.018249078748230573,-0.028025611767243788,0.033443441660322495,326.9295473206764,22.31
213,2021-09-08 10:00:04,-0.017135513826500123,-0.034980508572336894,0.038952045056421775,333.9016650374137,22.31
214,2021-09-08 11:00:04,-0.0029490006050833513,-0.007902798325366884,0.008435094898114875,339.5364858520142,22.06
215,2021-09-08 12:00:04,0.009672827758894699,-0.009107080589524414,0.013285424860249528,46.725520915395,22.12
216,2021-09-08 13:00:04,0.007975876403895,-0.008429539910420598,0.011604815703473397,43.415987675360995,22.12
217,2021-09-08 14:00:04,0.003279653844295452,-0.005369430882328489,0.006291813517460989,31.416627801022305,22.06
218,2021-09-08 15:00:04,-0.00039882096232416304,0.008022753146831374,0.00803265997132842,182.8459011989751,22.12
219,2021-09-08 16:00:04,0.001143413809153353,0.012757451107600121,0.012808589067565957,174.8784280093506,22.19
220,2021-09-08 17:00:04,-0.00982548146523993,0.008767935905745917,0.01316878073593155,228.25532861268846,22.19
221,2021-09-08 18:00:04,-0.02089049726629081,0.02360663518430646,0.031522787008096846,221.50695721141537,22.25
222,2021-09-08 19:00:04,-0.03926144615336203,0.012154932692595941,0.041099921445361474,252.79802251063808,22.31
223,2021-09-08 20:00:04,-0.015420861625345748,0.005538811289064509,0.016385402154476696,250.2429037182984,22.31
224,2021-09-08 21:00:04,-0.021589853521351454,0.011547244929813,0.024483885323667562,241.86008311341726,22.25
225,2021-09-08 22:00:04,-0.020789822016690107,0.008503415982235854,0.022461629122852975,247.75454416844724,22.25
226,2021-09-08 23:00:04,-0.013943878634990773,0.0034345058766802857,0.014360626100706875,256.1629556277026,22.25
227,2021-09-09 00:00:04,-0.02098853879876133,-0.0105238378725024,0.02347913806922702,296.62958902312727,22.25
228,2021-09-09 01:00:04,-0.03150485637505202,-0.009268341672227872,0.032839886305616406,286.39323516720185,22.25
229,2021-09-09 02:00:04,-0.029463235276985435,-0.006708607645917232,0.030217340212762907,282.8272262415808,22.25
230,2021-09-09 03:00:04,-0.03592412663555319,0.01593168130063686,0.03929836311594064,246.08360518100716,22.25
231,2021-09-09 04:00:04,-0.022076200055889762,0.02433333484353725,0.032855285625228874,222.21560504916246,22.25
232,2021-09-09 05:00:04,-0.03888280513570303,0.05036780930313529,0.06363009311024191,217.66732543030196,22.19
233,2021-09-09 06:00:04,-0.014478582886487009,0.07417699186342652,0.07557681843202795,191.04467806971059,22.12
234,2021-09-09 07:00:04,-0.0350748080215555,0.11302117195505747,0.11833861359608554,197.24112271595257,22.19
235,2021-09-09 08:00:04,-0.025439699196805225,0.0834960426836386,0.08728555114709381,196.9450085967253,22.19
236,2021-09-09 09:00:04,-0.03322355384069486,0.0791026444825064,0.08579646201290209,202.7826785870296,22.19
237,2021-09-09 10:00:04,-0.025920856643464427,0.05617504931615682,0.061867010391675505,204.77002033505966,22.19
238,2021-09-09 11:00:04,-0.01823082371413884,0.032190658607406296,0.03699461359271898,209.52456728095152,22.25
239,2021-09-09 12:00:04,-0.017960727611610133,0.019066965411295142,0.026194215131092973,223.2887427201111,22.25
240,2021-09-09 13:00:04,-0.0008692400837792505,0.029999006101349177,0.030011596848419007,181.6597168861894,22.31
241,2021-09-09 14:00:04,-0.007548887034016565,0.03128620793626764,0.0321840411148712,193.56531841716412,22.31
242,2021-09-09 15:00:04,-0.005783953975324998,0.05319613677563386,0.05350965418913323,186.20532692758417,22.31
243,2021-09-09 16:00:04,-0.028067737128501757,0.07318513831617274,0.07838279363401136,200.9826627917502,22.25
244,2021-09-09 17:00:04,-0.04920726874377455,0.1372202460954064,0.14577637406557328,199.72786637532732,22.31
245,2021-09-09 18:00:04,-0.05647446593890379,0.15344533327401697,0.16350790686281363,200.20578011943533,22.31
246,2021-09-09 19:00:04,-0.05250886724127464,0.1717437545300732,0.17959147629842528,197.00046744396818,22.31
247,2021-09-09 20:00:04,-0.05371593722044505,0.18129976691902552,0.18908994525453696,196.50363151768937,22.25
248,2021-09-09 21:00:04,-0.056672862656084295,0.14388151335935206,0.15464056145854102,201.4987683874899,22.25
249,2021-09-09 22:00:04,-0.0197254030174323,0.130859691320656,0.13233801546319748,188.57206137925218,22.25
250,2021-09-09 23:00:04,-0.019096965072389154,0.045035768552497704,0.04891742556686924,202.97888467496765,22.25
251,2021-09-10 00:00:04,-0.02579084157957725,0.065798063140744,0.07067214884561092,201.40367044576064,22.31
252,2021-09-10 01:00:04,-0.02276941335634683,0.03250698005415663,0.03968815864755535,215.00920141903748,22.31
253,2021-09-10 02:00:04,-0.03314783786345077,0.03227498231542217,0.046265036890533594,225.76438117232635,22.25
254,2021-09-10 03:00:04,-0.017815284413311348,0.05200348214264946,0.05497041489463251,198.91036681380191,22.25
255,2021-09-10 04:00:04,-0.04391495364621257,0.12547863503995657,0.1329413818389128,199.28900133356947,22.25
256,2021-09-10 05:00:04,-0.04632205272606531,0.11806561016502819,0.1268275241120664,201.4221437248733,22.31
257,2021-09-10 06:00:04,-0.046249427503543605,0.09908125800723387,0.10934397666401922,205.0223574648795,22.31
258,2021-09-10 07:00:04,-0.04365040802812509,0.1306144309343697,0.13771524131094218,198.47925904412696,22.31
259,2021-09-10 08:00:04,-0.03682875519133242,0.09839548726463686,0.10506202512320238,200.5205296814304,22.31
260,2021-09-10 09:00:04,-0.04444309834782204,0.11862663687430985,0.1266786010613614,200.53830482501925,22.37
261,2021-09-10 10:00:04,-0.011899542489397662,0.04889978243189326,0.050326810283818676,193.67683912865027,22.44
262,2021-09-10 11:00:04,-0.006084959853452769,0.005902495846373012,0.008477393091899339,225.8720457877691,22.44
263,2021-09-10 12:00:04,-0.012620902053564958,5.2510147717154864e-05,0.012621011289167499,269.761618268394,22.5
264,2021-09-10 13:00:04,-0.011063745175480783,-0.007871852676551947,0.013578384361525208,305.4318440623263,22.44
265,2021-09-10 14:00:04,-0.006747028683400261,-0.006306967908521794,0.009235812917862164,313.0692441290274,22.5
266,2021-09-10 15:00:04,-0.01225896404963968,0.013190464436763251,0.0180075137547601,222.90379473146356,22.5
267,2021-09-10 16:00:04,-0.0465052940992314,0.06866410827561888,0.0829307068855796,214.10926671181562,22.44
268,2021-09-10 17:00:04,-0.04695060563562235,0.11618296897762286,0.12531097976636768,202.0040863838078,22.37
269,2021-09-10 18:00:04,-0.025076042751489024,0.14269751085974247,0.14488404855483858,189.96674920544308,22.37
270,2021-09-10 19:00:04,-0.031093453814048058,0.1716538076083373,0.17444721991630135,190.26725530847747,22.37
271,2021-09-10 20:00:04,-0.037597128692621135,0.192426041797725,0.19606459560019834,191.05544867495826,22.31
272,2021-09-10 21:00:04,-0.013649743363203697,0.11747088047555891,0.11826125000854833,186.62786516769984,22.25
273,2021-09-10 22:00:04,-0.0314551822183016,0.15537666444133197,0.15852866094590223,191.44455258239148,22.25
274,2021-09-10 23:00:04,-0.0026590335635836722,0.05577363284977447,0.055836982195975694,182.72953582459124,22.25
275,2021-09-11 00:00:04,-0.028486986350711382,0.05349412674501098,0.060606352699670976,208.03643927022648,22.25
276,2021-09-11 01:00:04,-0.02351963692722972,0.006476672375129134,0.024395093897000453,254.60388326376733,22.25
277,2021-09-11 02:00:04,-0.009973796456862404,-0.0038392300971427577,0.010687202791269933,291.0532957378672,22.25
278,2021-09-11 03:00:04,-0.0059218245472055136,-0.006941109406221217,0.009123979710467273,319.53076574444424,22.19
279,2021-09-11 04:00:04,-0.012293557780556009,0.005654279536572903,0.01353153501941211,245.30048193862274,22.19
280,2021-09-11 05:00:04,-0.019723635048808374,0.02820099911181543,0.0344139234967941,214.96874547407398,22.12
281,2021-09-11 06:00:04,-0.04024601287888402,0.07493220556070443,0.08505631653698015,208.2402010928778,22.12
282,2021-09-11 07:00:04,-0.04732354685692376,0.12740147358059303,0.13590678260346686,200.37762063023987,22.12
283,2021-09-11 08:00:04,-0.031030808424129943,0.17689146323786736,0.17959259683486073,189.94975261252694,22.19
284,2021-09-11 09:00:04,-0.04379207004756521,0.10379682494952619,0.1126566743191607,202.87497000181537,22.19
285,2021-09-11 10:00:04,-0.03216088643257193,0.09516850152375103,0.10045579275683902,198.6719750449633,22.25
286,2021-09-11 11:00:04,-0.015899596584529344,0.09577896260490415,0.09708968456649968,189.42532148996432,22.25
287,2021-09-11 12:00:04,-0.011503046189976319,0.10863796893410083,0.10924526701773118,186.04419773540843,22.31
288,2021-09-11 13:00:04,-0.15822605784314703,0.10416706877342928,0.18943670076685576,236.6413582820781,22.25
289,2021-09-11 14:00:04,-0.18699755794843778,0.12618731437237135,0.22559105697520684,235.9882362672879,22.31
290,2021-09-11 15:00:04,-0.2020013605266715,0.08677926202461415,0.21985265514012553,246.7517650790238,22.25
291,2021-09-11 16:00:04,-0.1861264039389808,0.1004495028930419,0.21150210607631284,241.64495894436925,22.25
292,2021-09-11 17:00:04,-0.15106760589333026,0.2306426660016121,0.27571264194931966,213.2242181218141,22.25
293,2021-09-11 18:00:04,-0.21808398737677698,0.17627911260930124,0.28041924165876514,231.05110085440825,22.25
294,2021-09-11 19:00:04,-0.21598868475656124,0.22450144771475825,0.31153171904140275,223.89285900883328,22.25
295,2021-09-11 20:00:04,-0.0663967060865259,0.23567748561461788,0.2448517915081875,195.73396027961144,22.19
296,2021-09-11 21:00:04,-0.04715328744310621,0.23578987604200033,0.24045851650668162,191.30883717762399,22.19
297,2021-09-11 22:00:04,-0.036728405836876706,0.20488350866704663,0.2081495325938497,190.16316787666693,22.19
298,2021-09-11 23:00:04,-0.056968014786784454,0.2032986172010752,0.21112953953584185,195.65384987525016,22.19
299,2021-09-12 00:00:04,-0.04219106480233059,0.1742646120217488,0.17929930549850184,193.6099446592947,22.12
300,2021-09-12 01:00:04,-0.04746909506950558,0.11690720842250907,0.12617690108677473,202.09915871447825,22.19
301,2021-09-12 02:00:04,-0.059780562060324,0.0927873301492676,0.11037755313684677,212.79267329368426,22.12
302,2021-09-12 03:00:04,-0.04988717555051606,0.09985604200085482,0.11162418827693435,206.54629894349466,22.06
303,2021-09-12 04:00:04,-0.05109475504844103,0.061883798122762554,0.08025134555606542,219.54500260640864,22.12
304,2021-09-12 05:00:04,-0.06018596147209687,0.0774204520732891,0.09806261447439174,217.86117267372745,22.12
305,2021-09-12 06:00:04,-0.06241974141532111,0.13631204463769356,0.1499239728384494,204.60389689477674,22.06
306,2021-09-12 07:00:04,-0.07803014204524135,0.1929560196158433,0.20813632209105226,202.01808333651402,22.06
307,2021-09-12 08:00:04,-0.06821341980112282,0.15579722698843085,0.17007600235850107,203.64546796341148,22.06
308,2021-09-12 09:00:04,-0.07878536042517868,0.17466488369588543,0.19161146785571706,204.27850880683,22.12
309,2021-09-12 10:00:04,-0.050733820558818796,0.186075496435449,0.19286785870692197,195.251094165253,22.12
310,2021-09-12 11:00:04,-0.049333021544382266,0.22951698593533734,0.23475901228182983,192.1307471242983,22.19
311,2021-09-12 12:00:04,-0.0659714433232822,0.19827995211414026,0.2089669130377888,198.4032474830123,22.12
312,2021-09-12 13:00:04,-0.06151176052036888,0.19115979466127792,0.20081275800420936,197.83723517550575,22.25
313,2021-09-12 14:00:04,-0.06226169811581002,0.13215028661842085,0.1460829124353531,205.2271464617917,22.19
314,2021-09-12 15:00:04,-0.0723139908803722,0.16463947650776056,0.17982066205471495,203.71234518208436,22.12
315,2021-09-12 16:00:04,-0.06263586880173448,0.14385796322213937,0.1569024080215804,203.52834641025115,22.06
316,2021-09-12 17:00:04,-0.07924002827755801,0.18861886736504554,0.2045875343404403,202.7875966953766,22.0
317,2021-09-12 18:00:04,-0.07598547403251744,0.21239679063978475,0.22557967314903826,199.68479457659677,21.94
318,2021-09-12 19:00:04,-0.04813211731019283,0.22885913203977556,0.23386577995671273,191.87697013656557,22.0
319,2021-09-12 20:00:04,-0.05249988526239804,0.25938544230161126,0.264645131507397,191.44214993503854,21.94
320,2021-09-12 21:00:04,-0.05845788936090398,0.21459702917264423,0.22241674792662625,195.2380763247136,21.81
321,2021-09-12 22:00:04,-0.055444203647956,0.22879130636674636,0.23541351190439008,193.62218013259164,21.81
322,2021-09-12 23:00:04,-0.06602910527386585,0.21055319253234855,0.22066374788086848,197.4113316283395,21.87
323,2021-09-13 00:00:04,-0.07472151437990208,0.18308970069433467,0.19775020407465316,202.2010707702674,21.81
324,2021-09-13 01:00:04,-0.06762674233125503,0.21507889883614884,0.22546021600918487,197.45458685758166,21.75
325,2021-09-13 02:00:04,-0.059902739130078354,0.19780987126062413,0.2066811150623852,196.84788047319736,21.75
326,2021-09-13 03:00:04,-0.07268490450420323,0.14744625302334713,0.1643882382453503,206.2413908825278,21.75
327,2021-09-13 04:00:04,-0.03666913483638114,0.13177329480591937,0.13678021301948773,195.55052380816184,21.81
328,2021-09-13 05:00:04,-0.07770886133811192,0.12928846749534412,0.15084487050529946,211.00798085257628,21.87
329,2021-09-13 06:00:04,-0.06687841581450012,0.17552448418074348,0.18783388152506791,200.8578631571049,21.81
330,2021-09-13 07:00:04,-0.06751918765949047,0.17561575715681546,0.18814817262986924,201.03031033010535,21.81
331,2021-09-13 08:00:04,-0.06742007747098529,0.20496806977522486,0.21577158402712604,198.20756890844066,21.87
332,2021-09-13 09:00:04,-0.06177781166288464,0.2617737233460481,0.2689646449783097,193.27867312552263,21.94
333,2021-09-13 10:00:04,-0.0613438665075072,0.26398322611765335,0.27101699878342494,193.0820953200708,22.0
334,2021-09-13 11:00:04,-0.06551006760775513,0.18222160692432415,0.19363956978896527,199.77390101871896,22.0
335,2021-09-13 12:00:04,-0.04768053513500167,0.2147091023924752,0.2199396100772722,192.5205177400749,22.0
336,2021-09-13 13:00:04,-0.0735577996911083,0.17957300106833388,0.19405466396890608,202.27528997510024,22.0
337,2021-09-13 14:00:04,-0.06079961955256149,0.15693327138048707,0.16829927333152042,201.17753288225205,22.0
338,2021-09-13 15:00:04,-0.06639839419010964,0.16649207819489165,0.17924385304015059,201.74251531870712,22.06
339,2021-09-13 16:00:04,-0.062112483372714765,0.1590463269162171,0.17074453050175858,201.3321745595218,21.94
340,2021-09-13 17:00:04,-0.0638120745027524,0.11675764746122051,0.13305761568968338,208.65812351969475,21.87
341,2021-09-13 18:00:04,-0.05985753972512775,0.1494322541395422,0.16097491618003712,201.82938004854088,21.87
342,2021-09-13 19:00:04,-0.06389700239116694,0.14716219197427022,0.16043546260490152,203.47021661271265,21.87
343,2021-09-13 20:00:04,-0.046982076036100245,0.18217114512406282,0.1881319791648253,194.46149683420055,21.87
344,2021-09-13 21:00:04,-0.05746614004306058,0.1958102805595378,0.20406867281445618,196.3558385036378,21.87
345,2021-09-13 22:00:04,-0.03015498374968788,0.15072736957491273,0.15371422505388455,191.31340835479511,21.81
346,2021-09-13 23:00:04,-0.03590197234698367,0.13158993916581394,0.13639964702324633,195.26071413339633,21.81
347,2021-09-14 00:00:04,-0.0576246280847775,0.12456353563967038,0.13724675651163623,204.8258432679671,21.81
348,2021-09-14 01:00:04,-0.046291950173295376,0.09290757848030845,0.10380155485310195,206.48515108616718,21.81
349,2021-09-14 02:00:04,-0.05319118044648423,0.10713365378584605,0.11961154396961846,206.40410732728168,21.75
350,2021-09-14 03:00:04,-0.043494548587685845,0.11505482694544332,0.12300158112923783,200.70825834421288,21.81
351,2021-09-14 04:00:04,-0.036818654226127186,0.042392299630860074,0.056149090527057806,220.97504061753898,21.81
352,2021-09-14 05:00:04,-0.02862197824591821,0.057987204533098524,0.06466632453041704,206.27054450478553,21.81
353,2021-09-14 06:00:04,-0.08254325282771754,0.05923952839398936,0.10160073972035229,234.3338046011596,21.62
354,2021-09-14 07:00:04,-0.05578622361422557,0.11229864190426336,0.12539173704306977,206.4166551555903,21.75
355,2021-09-14 08:00:04,-0.06561400878699279,0.13868672605223695,0.1534249201798319,205.31927627559782,21.81
356,2021-09-14 09:00:04,-0.05988041669134814,0.14660087812276013,0.15835871232582643,202.21799110909328,21.75
357,2021-09-14 10:00:04,-0.1863941283867666,0.13057718647341623,0.2275811343771178,234.98708741116081,21.81
358,2021-09-14 11:00:04,-0.055935683441211644,0.09836821531298741,0.11315965034365248,209.62410787001653,21.87
359,2021-09-14 12:00:04,-0.05601011833444539,0.09811472760732369,0.1129762502887129,209.72046935044855,22.0
360,2021-09-14 13:00:04,-0.05592331260833627,0.11002675251599298,0.12342326831803341,206.9428710045973,22.0
361,2021-09-14 14:00:04,-0.06290833772697316,0.13764290997886763,0.1513374693293818,204.5623041678727,22.06
362,2021-09-14 15:00:04,-0.0726321628963078,0.1540079109443638,0.17027585771460052,205.24918332706602,22.06
363,2021-09-14 16:00:04,-0.08960993932326619,0.17420158167161529,0.19589827023843753,207.2214576996096,22.06
364,2021-09-14 17:00:04,-0.08413079205783723,0.15214584247961266,0.17385726201717935,208.94090412611033,22.06
365,2021-09-14 18:00:04,-0.09190688721046072,0.13092647086329376,0.15996442319913906,215.0678303688928,22.0
366,2021-09-14 19:00:04,-0.07047174507265123,0.13842156076828138,0.15532802496366122,206.98108107955267,22.0
367,2021-09-14 20:00:04,-0.068664747769703,0.15802154217162415,0.17229525639603466,203.48628451113825,22.0
368,2021-09-14 21:00:04,-0.04787453788879336,0.14360160303550698,0.15137170069875294,198.43758339711135,21.94
369,2021-09-14 22:00:04,-0.05364761373294748,0.12279977683545136,0.13400690896396422,203.59910293995674,21.87
370,2021-09-14 23:00:04,-0.15863632851714693,0.1010835966403167,0.18810470019418019,237.49457712907662,21.81
371,2021-09-15 00:00:04,-0.035234933791948475,0.04922714039631959,0.06053769000318688,215.59366097650968,21.87
372,2021-09-15 01:00:04,-0.048786951965219136,0.09814243255544092,0.10959974338453475,206.43213408894013,21.81
373,2021-09-15 02:00:04,-0.029224223595450488,0.08429923850042255,0.089221168208604,199.12002217129026,21.81
374,2021-09-15 03:00:04,-0.0577195865029386,0.09501826355188603,0.11117563165768785,211.27691508053502,21.81
375,2021-09-15 04:00:04,-0.05128263378077348,0.07929391135122298,0.09443216033147042,212.89241049745337,21.75
376,2021-09-15 05:00:04,-0.06025538803361947,0.058366517491615706,0.08388898706732091,225.9122696522735,21.75
377,2021-09-15 06:00:04,-0.07388028582855623,0.05014272461678167,0.08928935807868466,235.83516900862546,21.37
378,2021-09-15 07:00:04,-0.05615484104235955,0.07536743571331686,0.09398732115819462,216.68909344068564,21.37
379,2021-09-15 08:00:04,-0.04577287652073929,0.05529013372282734,0.07177851427879359,219.62023504705314,21.56
380,2021-09-15 09:00:04,-0.000418763687839447,0.019311124606533007,0.019315664539313614,181.2422700678003,21.62
381,2021-09-15 10:00:04,-0.06315394845607984,0.02202216745777349,0.06688345883050163,250.776024641927,21.31
